<?xml version="1.0" encoding="UTF-8" standalone="yes"?>
<root xmlns:xsi="http://www.w3.org/2001/XMLSchema-instance">
	<item ID="101">
		<skillName>突袭</skillName>
		<cdTime>6000</cdTime>
		<skillTime>900</skillTime>
		<aniAction>1</aniAction>
		<fx>dagger_skill1</fx>
		<isCombo>0</isCombo>
		<isCollide>0</isCollide>
		<isBreak>0</isBreak>
		<dmgType>1</dmgType>
		<skillMoveLst>1011</skillMoveLst>
		<skillActionLst>1011|1011</skillActionLst>
		<skillDamageLst>26|36</skillDamageLst>
	</item>
	<item ID="102">
		<skillName>穿刺</skillName>
		<cdTime>8000</cdTime>
		<skillTime>1400</skillTime>
		<aniAction>2</aniAction>
		<fx>dagger_skill2</fx>
		<isCombo>0</isCombo>
		<isCollide>0</isCollide>
		<isBreak>0</isBreak>
		<dmgType>2</dmgType>
		<skillMoveLst>1021|1022</skillMoveLst>
		<skillActionLst>1021|1021|1021</skillActionLst>
		<skillDamageLst>14|15|16</skillDamageLst>
	</item>
	<item ID="103">
		<skillName>旋风</skillName>
		<cdTime>10000</cdTime>
		<skillTime>1600</skillTime>
		<aniAction>3</aniAction>
		<fx>dagger_skill3</fx>
		<isCombo>0</isCombo>
		<isCollide>0</isCollide>
		<isBreak>0</isBreak>
		<dmgType>2</dmgType>
		<skillMoveLst>1031|1032</skillMoveLst>
		<skillActionLst>1031|1031|1031|1031</skillActionLst>
		<skillDamageLst>17|18|19|20</skillDamageLst>
	</item>
	<item ID="111">
		<skillName>普攻1</skillName>
		<cdTime>0</cdTime>
		<skillTime>660</skillTime>
		<aniAction>11</aniAction>
		<fx>dagger_atk1</fx>
		<isCombo>1</isCombo>
		<isCollide>1</isCollide>
		<isBreak>1</isBreak>
		<dmgType>1</dmgType>
		<skillMoveLst>1111</skillMoveLst>
		<skillActionLst>1111</skillActionLst>
		<skillDamageLst>18</skillDamageLst>
	</item>
	<item ID="112">
		<skillName>普攻2</skillName>
		<cdTime>0</cdTime>
		<skillTime>860</skillTime>
		<aniAction>12</aniAction>
		<fx>dagger_atk2</fx>
		<isCombo>1</isCombo>
		<isCollide>1</isCollide>
		<isBreak>1</isBreak>
		<dmgType>1</dmgType>
		<skillMoveLst>1111</skillMoveLst>
		<skillActionLst>1121</skillActionLst>
		<skillDamageLst>21</skillDamageLst>
	</item>
	<item ID="113">
		<skillName>普攻3</skillName>
		<cdTime>0</cdTime>
		<skillTime>730</skillTime>
		<aniAction>13</aniAction>
		<fx>dagger_atk3</fx>
		<isCombo>1</isCombo>
		<isCollide>1</isCollide>
		<isBreak>1</isBreak>
		<dmgType>1</dmgType>
		<skillMoveLst>1111</skillMoveLst>
		<skillActionLst>1131</skillActionLst>
		<skillDamageLst>23</skillDamageLst>
	</item>
	<item ID="114">
		<skillName>普攻4</skillName>
		<cdTime>0</cdTime>
		<skillTime>860</skillTime>
		<aniAction>14</aniAction>
		<fx>dagger_atk4</fx>
		<isCombo>1</isCombo>
		<isCollide>1</isCollide>
		<isBreak>1</isBreak>
		<dmgType>1</dmgType>
		<skillMoveLst>1111</skillMoveLst>
		<skillActionLst>1141</skillActionLst>
		<skillDamageLst>27</skillDamageLst>
	</item>
	<item ID="115">
		<skillName>普攻5</skillName>
		<cdTime>0</cdTime>
		<skillTime>800</skillTime>
		<aniAction>15</aniAction>
		<fx>dagger_atk5</fx>
		<isCombo>1</isCombo>
		<isCollide>1</isCollide>
		<isBreak>1</isBreak>
		<dmgType>1</dmgType>
		<skillMoveLst>1111</skillMoveLst>
		<skillActionLst>1151</skillActionLst>
		<skillDamageLst>34</skillDamageLst>
	</item>
	<item ID="201">
		<skillName>普通怪物普攻1</skillName>
		<cdTime>0</cdTime>
		<skillTime>800</skillTime>
		<aniAction>11</aniAction>
		<isCombo>0</isCombo>
		<isCollide>1</isCollide>
		<isBreak>1</isBreak>
		<dmgType>1</dmgType>
		<skillActionLst>2111</skillActionLst>
		<skillDamageLst>26</skillDamageLst>
	</item>
	<item ID="301">
		<skillName>精英怪物普攻1</skillName>
		<cdTime>0</cdTime>
		<skillTime>800</skillTime>
		<aniAction>11</aniAction>
		<isCombo>0</isCombo>
		<isCollide>1</isCollide>
		<isBreak>0</isBreak>
		<dmgType>2</dmgType>
		<skillActionLst>2211</skillActionLst>
		<skillDamageLst>65</skillDamageLst>
	</item>
</root>