<?xml version="1.0" encoding="UTF-8"?>
<project version="4">
  <component name="ChangeListManager">
    <list default="true" id="b15be762-4c96-4d52-b1fa-c4f440073149" name="Default Changelist" comment="" />
    <option name="EXCLUDED_CONVERTED_TO_IGNORED" value="true" />
    <option name="SHOW_DIALOG" value="false" />
    <option name="HIGHLIGHT_CONFLICTS" value="true" />
    <option name="HIGHLIGHT_NON_ACTIVE_CHANGELIST" value="false" />
    <option name="LAST_RESOLUTION" value="IGNORE" />
  </component>
  <component name="FUSProjectUsageTrigger">
    <session id="-1457958617">
      <usages-collector id="statistics.lifecycle.project">
        <counts>
          <entry key="project.closed" value="2" />
          <entry key="project.open.time.4" value="1" />
          <entry key="project.open.time.5" value="1" />
          <entry key="project.opened" value="2" />
        </counts>
      </usages-collector>
    </session>
  </component>
  <component name="ProjectFrameBounds" extendedState="6">
    <option name="x" value="171" />
    <option name="y" value="-14" />
    <option name="width" value="1440" />
    <option name="height" value="1100" />
  </component>
  <component name="ProjectView">
    <navigator currentView="SolutionExplorer" proportions="" version="1">
      <foldersAlwaysOnTop value="true" />
    </navigator>
    <panes>
      <pane id="FileSystemExplorer" />
      <pane id="SolutionExplorer">
        <option name="show-all-files" value="false" />
      </pane>
    </panes>
  </component>
  <component name="PropertiesComponent">
    <property name="Rider.DefaultBreakpoints.AreToggled" value="true" />
    <property name="Rider.ProjectViewActivator.IsNotFirstRun" value="true" />
  </component>
  <component name="RunDashboard">
    <option name="ruleStates">
      <list>
        <RuleState>
          <option name="name" value="ConfigurationTypeDashboardGroupingRule" />
        </RuleState>
        <RuleState>
          <option name="name" value="StatusDashboardGroupingRule" />
        </RuleState>
      </list>
    </option>
  </component>
  <component name="ToolWindowManager">
    <frame x="-8" y="-8" width="1936" height="1056" extended-state="6" />
    <layout>
      <window_info active="true" content_ui="combo" id="Project" order="0" visible="true" weight="0.25266525" />
      <window_info id="Structure" order="1" side_tool="true" weight="0.25" />
      <window_info id="Favorites" order="2" side_tool="true" />
      <window_info anchor="bottom" id="Message" order="0" />
      <window_info anchor="bottom" id="Find" order="1" />
      <window_info anchor="bottom" id="Run" order="2" />
      <window_info anchor="bottom" id="Debug" order="3" weight="0.4" />
      <window_info anchor="bottom" id="Cvs" order="4" weight="0.25" />
      <window_info anchor="bottom" id="Inspection" order="5" weight="0.4" />
      <window_info anchor="bottom" id="TODO" order="6" />
      <window_info anchor="bottom" id="NuGet" order="7" />
      <window_info anchor="bottom" id="Docker" order="8" show_stripe_button="false" />
      <window_info anchor="bottom" id="Unit Tests" order="9" />
      <window_info anchor="bottom" id="Event Log" order="10" side_tool="true" />
      <window_info anchor="bottom" id="Version Control" order="11" show_stripe_button="false" />
      <window_info anchor="right" id="Commander" internal_type="SLIDING" order="0" type="SLIDING" weight="0.4" />
      <window_info anchor="right" id="Ant Build" order="1" weight="0.25" />
      <window_info anchor="right" content_ui="combo" id="Hierarchy" order="2" weight="0.25" />
      <window_info anchor="right" id="Errors In Solution" order="3" />
      <window_info anchor="right" id="Unit Tests Coverage" order="4" />
    </layout>
  </component>
  <component name="UnityProjectConfiguration" hasMinimizedUI="false" />
  <component name="UnityUnitTestConfiguration" currentTestLauncher="NUnit" />
  <component name="XDebuggerManager">
    <breakpoint-manager>
      <breakpoints>
        <breakpoint enabled="true" suspend="NONE" type="DotNet Exception Breakpoints">
          <properties exception="System.Threading.ThreadAbortException" displayValue="System.Threading.ThreadAbortException" />
          <option name="timeStamp" value="1" />
        </breakpoint>
      </breakpoints>
    </breakpoint-manager>
  </component>
</project>